<keymap version="1" name="David keys" parent="Default for XWin">
  <action id="Arrangement.Rule.Match.Condition.Move.Down" />
  <action id="Arrangement.Rule.Match.Condition.Move.Up" />
  <action id="ChangeTypeSignature" />
  <action id="ChangesView.Diff" />
  <action id="CommentByLineComment">
    <keyboard-shortcut first-keystroke="ctrl divide" />
    <keyboard-shortcut first-keystroke="shift ctrl semicolon" />
  </action>
  <action id="CompareTwoFiles" />
  <action id="Diff.ShowDiff" />
  <action id="EditorDeleteLine">
    <keyboard-shortcut first-keystroke="ctrl d" />
  </action>
  <action id="EditorDuplicate">
    <keyboard-shortcut first-keystroke="ctrl y" />
  </action>
  <action id="FileChooser.GotoDesktop" />
  <action id="FileStructurePopup">
    <keyboard-shortcut first-keystroke="ctrl f12" />
    <keyboard-shortcut first-keystroke="f12" />
  </action>
  <action id="GuiDesigner.Duplicate" />
  <action id="JumpToLastWindow" />
  <action id="MethodDown" />
  <action id="MethodUp" />
  <action id="MoveLineDown">
    <keyboard-shortcut first-keystroke="alt down" />
  </action>
  <action id="MoveLineUp">
    <keyboard-shortcut first-keystroke="alt up" />
  </action>
  <action id="MoveTabDown">
    <keyboard-shortcut first-keystroke="alt h" />
  </action>
  <action id="MoveTabRight">
    <keyboard-shortcut first-keystroke="alt v" />
  </action>
  <action id="RenameFile">
    <keyboard-shortcut first-keystroke="shift ctrl f6" />
  </action>
  <action id="RunDashboard.CopyConfiguration" />
  <action id="SelectIn" />
  <action id="SelectInProjectView">
    <keyboard-shortcut first-keystroke="alt p" />
  </action>
  <action id="SendEOF" />
  <action id="ShowContent" />
  <action id="ShowRecentTests" />
  <action id="ShowSearchHistory" />
  <action id="XDebugger.CopyWatch" />
  <action id="openAssertEqualsDiff" />
</keymap>